{
    "solved_problems": [
        1,
        2,
        3,
        4,
        5,
        6,
        7,
        8,
        9,
        10,
        11,
        12,
        13,
        14,
        15,
        16,
        17,
        18,
        19,
        20,
        21,
        22,
        23,
        24,
        25,
        26,
        27,
        28,
        29,
        30,
        31,
        32,
        33,
        34,
        35,
        36,
        37,
        38,
        39
    ],
    "attempted_problems": [
        1,
        2,
        3,
        4,
        5,
        6,
        7,
        8,
        9,
        10,
        11,
        12,
        13,
        14,
        15,
        16,
        17,
        18,
        19,
        20,
        21,
        22,
        23,
        24,
        25,
        26,
        27,
        28,
        29,
        30,
        31,
        32,
        33,
        34,
        35,
        36,
        37,
        38,
        39
    ],
    "last_attempted": 39,
    "execution_times": {
        "1": 0.0007631778717041016,
        "2": 0.0015559196472167969,
        "3": 0.0585331916809082,
        "4": 0.18376684188842773,
        "5": 0.0016903877258300781,
        "6": 0.0011391639709472656,
        "7": 0.11544036865234375,
        "8": 0.002744436264038086,
        "9": 0.0013532638549804688,
        "10": 0.15995240211486816,
        "11": 0.009172677993774414,
        "12": 2.433828830718994,
        "13": 0.0011420249938964844,
        "14": 10.170492887496948,
        "15": 0.0033397674560546875,
        "16": 0.0012352466583251953,
        "17": 0.015787601470947266,
        "18": 0.002392292022705078,
        "19": 0.004341602325439453,
        "20": 0.0014374256134033203,
        "21": 2.7779173851013184,
        "22": 0.040756940841674805,
        "23": 3.3818607330322266,
        "24": 0.0018377304077148438,
        "25": 0.002366304397583008,
        "26": 0.47486329078674316,
        "27": 1.4718859195709229,
        "28": 0.001009225845336914,
        "29": 0.37218809127807617,
        "30": 0.3926558494567871,
        "31": 0.002051115036010742,
        "32": 3.7634379863739014,
        "33": 0.012105703353881836,
        "34": 2.384582281112671,
        "35": 6.9104273319244385,
        "36": 0.3935971260070801,
        "37": 0.614192008972168,
        "38": 0.12081336975097656,
        "39": 4.416677236557007
    }
}